{"0": {
    "doc": "Cahier des Charges",
    "title": "Cahier des Charges",
    "content": ". | Contraintes techniques : . | Compatibilité avec les moteurs pas à pas Nema 17 et le driver DRV8825. | Utilisation de courroies et poulies GT2 pour la transmission de mouvement. | Utilisation d’une alimentation électrique adaptée aux besoins des moteurs et de l’Arduino ESP32. | . | Planning et échéancier : . | Phase de conception et modélisation : 20 heures | Phase de développement et de construction : 45 heures | Phase de test et de débogage : 5 heures | Phase de documentation : 5 heures | . | Ressources nécessaires : . | Matériel : Une carte Arduino, deux moteurs pas à pas, un driveur de moteur, matériaux de construction, imprrimante laser, imprrimante 3D, etc. | Logiciels : Environnement de développement Arduino, Logiciels de modélisation 3D, outils de gestion projet, etc. | Main-d’oeuvre : Notre equipe pour la construction documentation, modélisation, et les tests. | . | Critères d’évaluation : . | Précision du traçage des dessins. | Fiabilité du Drawbot. | Qualité artistique des dessins réalisés. | Exhausitivité de la documentation fournie. | . | Approbation et validation : . | La validation du projet final sera effectuée selon les critères d’évaluation définis pour garantir sa conformité aux attentes et aux besoins du projet. | . | . Ce cahier de charges servira de guide pour le développement et la réalisation du notre projet, en assurant que toutes les exigences et les contraintes sont prises en compte tout au long du processus. ",
    "url": "/Cahier.html",
    
    "relUrl": "/Cahier.html"
  },"1": {
    "doc": "Préparation des Matériaux",
    "title": "Préparation des Matériaux",
    "content": "Cette section décrit la première étape du processus de fabrication : la préparation des matériaux. ",
    "url": "/etapes/etape_1.html",
    
    "relUrl": "/etapes/etape_1.html"
  },"2": {
    "doc": "Préparation des Matériaux",
    "title": "Liste des Matériaux",
    "content": ". | Matériau A | Matériau B | Outils nécessaires | . ",
    "url": "/etapes/etape_1.html#liste-des-mat%C3%A9riaux",
    
    "relUrl": "/etapes/etape_1.html#liste-des-matériaux"
  },"3": {
    "doc": "Préparation des Matériaux",
    "title": "Procédure de Préparation",
    "content": ". | Nettoyage : Nettoyez tous les matériaux pour enlever la poussière et les débris. | Découpe : Découpez les matériaux A et B selon les dimensions spécifiées. | Prétraitement : Appliquez un traitement de surface si nécessaire. | . ",
    "url": "/etapes/etape_1.html#proc%C3%A9dure-de-pr%C3%A9paration",
    
    "relUrl": "/etapes/etape_1.html#procédure-de-préparation"
  },"4": {
    "doc": "Préparation des Matériaux",
    "title": "Conseils de Sécurité",
    "content": ". | Portez toujours l’équipement de protection individuelle. | Suivez les instructions de sécurité des outils utilisés. | . Une fois cette étape terminée, passez à l’Assemblage. ",
    "url": "/etapes/etape_1.html#conseils-de-s%C3%A9curit%C3%A9",
    
    "relUrl": "/etapes/etape_1.html#conseils-de-sécurité"
  },"5": {
    "doc": "Assemblage",
    "title": "Assemblage",
    "content": "Après la préparation des matériaux, l’étape suivante est l’assemblage. ",
    "url": "/etapes/etape_2.html",
    
    "relUrl": "/etapes/etape_2.html"
  },"6": {
    "doc": "Assemblage",
    "title": "Étapes d’Assemblage",
    "content": ". | Organisation : Organisez tous les composants préparés. | Assemblage Initial : Commencez par assembler les pièces principales. | Fixation : Fixez solidement les pièces ensemble en utilisant les outils appropriés. | . ",
    "url": "/etapes/etape_2.html#%C3%A9tapes-dassemblage",
    
    "relUrl": "/etapes/etape_2.html#étapes-dassemblage"
  },"7": {
    "doc": "Assemblage",
    "title": "Vérifications à Effectuer",
    "content": ". | Assurez-vous que toutes les pièces sont correctement alignées. | Vérifiez la stabilité et la solidité de l’assemblage. | . ",
    "url": "/etapes/etape_2.html#v%C3%A9rifications-%C3%A0-effectuer",
    
    "relUrl": "/etapes/etape_2.html#vérifications-à-effectuer"
  },"8": {
    "doc": "Assemblage",
    "title": "Problèmes Communs et Solutions",
    "content": ". | Si des pièces ne s’emboîtent pas correctement, vérifiez leur alignement et leur dimension | . ",
    "url": "/etapes/etape_2.html#probl%C3%A8mes-communs-et-solutions",
    
    "relUrl": "/etapes/etape_2.html#problèmes-communs-et-solutions"
  },"9": {
    "doc": "Etapes de fabrication",
    "title": "Étapes de Fabrication",
    "content": "Bienvenue dans la section dédiée aux étapes de fabrication du projet XYZ. Ici, vous trouverez des guides détaillés pour chaque étape du processus de fabrication. ",
    "url": "/etapes/etapes.html#%C3%A9tapes-de-fabrication",
    
    "relUrl": "/etapes/etapes.html#étapes-de-fabrication"
  },"10": {
    "doc": "Etapes de fabrication",
    "title": "Aperçu des Étapes",
    "content": "Le processus de fabrication est divisé en plusieurs étapes clés : . | Préparation des Matériaux | Assemblage | Finition | Contrôle Qualité | . ",
    "url": "/etapes/etapes.html#aper%C3%A7u-des-%C3%A9tapes",
    
    "relUrl": "/etapes/etapes.html#aperçu-des-étapes"
  },"11": {
    "doc": "Etapes de fabrication",
    "title": "Commencer",
    "content": "Pour commencer, assurez-vous de bien comprendre chaque étape et de disposer de tous les outils et matériaux nécessaires. Suivez les étapes dans l’ordre pour garantir la qualité et l’efficacité du processus de fabrication. Pour toute question ou aide supplémentaire, n’hésitez pas à contacter notre équipe. ",
    "url": "/etapes/etapes.html#commencer",
    
    "relUrl": "/etapes/etapes.html#commencer"
  },"12": {
    "doc": "Etapes de fabrication",
    "title": "Etapes de fabrication",
    "content": " ",
    "url": "/etapes/etapes.html",
    
    "relUrl": "/etapes/etapes.html"
  },"13": {
    "doc": "Études",
    "title": "Études et choix techniques",
    "content": "Dans cette section, nous examinons les choix techniques que nous avons effectués pour chaque composant et aspect du drawbot. Avec un budget de 250 euros, voici un aperçu de nos réflexions et de nos décisions: . | Arduino ESP32: . | Fonctionne comme le cerveau du drawbot. Contrôlera les moteurs et recevra les commandes pour dessiner et qui sera utilisé via wifi ou encore bluetooth. | . | Deux moteurs pas à pas Nema 17 stepper moteur : . | Nécessaires pour le mouvement dans les axes X et Y, ils sont suffisamment puissants pour déplacer le stylo et le support sur toute la surface de dessin. | . | Driver de moteur pas à pas DRV8825 : . | Utilisé pour alimenter et contrôler les moteurs pas à pas à partir de l’Arduino. Permet un contrôle précis des moteurs pas à pas en fournissant la puissance nécessaire. | . | Support pour les moteurs : . | Châssis ou cadre pour monter les moteurs et maintenir la stabilité du drawbot. | . | Courroies et poulies (GT2) : . | Transmettent le mouvement entre les moteurs et les axes X et Y. Offrent un mouvement fluide et précis, idéal pour des applications nécessitant un positionnement précis. | . | Stylo ou marquer : . | Utilisé par le drawbot pour dessiner sur le mur. Il doit être fixé solidement et capable d’être soulevé et abaissé facilement. | . | Plaque de support (Tableau Blanc ) : . | Surface sur laquelle le dessin sera réalisé. | . | Fils et connecteurs : . | Utilisés pour connecter les moteurs, les capteurs et d’autres composants à l’Arduino. | . | Alimentation électrique : . | Alimente l’ensemble du système. La tension et le courant fournis doivent être adaptés aux besoins des moteurs et de l’Arduino. | . | Logiciels et outils : . | Nous utiliserons l’IDE Arduino pour développer le code de contrôle de drawbot, ainsi que des outils de modélisation 3D ou CAO pour concevoir le châssis et les supports. | . | . En combinant soigneusement ces choix techniques, nous sommes condfiants dans notre capacité à concevoir et à consruire un drawbot performant, précis et créatif pour notre projet. ",
    "url": "/etudes.html#%C3%A9tudes-et-choix-techniques",
    
    "relUrl": "/etudes.html#études-et-choix-techniques"
  },"14": {
    "doc": "Études",
    "title": "Études",
    "content": " ",
    "url": "/etudes.html",
    
    "relUrl": "/etudes.html"
  },"15": {
    "doc": "Accueil",
    "title": "Bienvenue sur notre projet : Drawbot",
    "content": "C’est un plaisir de vous accueillir sur notre projet Drawbot! Notre documentation est là pour vous guider à travers ce projet passionnant et vous aider à découvrir tout ce que notre Drawbot peut accomplir. ",
    "url": "/#bienvenue-sur-notre-projet--drawbot",
    
    "relUrl": "/#bienvenue-sur-notre-projet--drawbot"
  },"16": {
    "doc": "Accueil",
    "title": "À propos du Projet",
    "content": "Permettez-nous de vous présenter notre projet Drawbot. Notre objectif est de créer un robot de dessin innovant et créatif capable de transfromer vos idées en oeuvres d’art tabgibles. Destiné aux amateurs d’art, aux makers et à toute personne désireuse de découvrir le monde fascinant de la robotique, notre Drawbot combine la technologie et créativité pour offir une expérience unique. En utilisant des moteurs pas à pas, des algorithmes de tracage précis et une interface conviviale, notre Drawbot permet à chacun de donner vie à ses dessins avec facilité et précision. Avec la carte Arduino ESP32, notre drawbot se démarquera par sa connectivité avancée. En plus des fonctionnalités classiques des drawbots, le nôtre sera doté d’une connectivité WiFi et Bluetooth, permettant à l’utilisateur de l’utiliser à distance. ",
    "url": "/#%C3%A0-propos-du-projet",
    
    "relUrl": "/#à-propos-du-projet"
  },"17": {
    "doc": "Accueil",
    "title": "Poster",
    "content": ". ",
    "url": "/#poster",
    
    "relUrl": "/#poster"
  },"18": {
    "doc": "Accueil",
    "title": "Vidéo",
    "content": "Ici vous publierez la vidéo de votre projet. | Moins de 1min30 | Présentation du projet | Des explication du fonctionnement du projet | Des vues du projet / Prototype / Application etc… | Des plans du fonctionnement (même basique ou des éléments séparés) | Une conclusion Si en stockage local : &gt;50mo | . ",
    "url": "/#vid%C3%A9o",
    
    "relUrl": "/#vidéo"
  },"19": {
    "doc": "Accueil",
    "title": "Accueil",
    "content": " ",
    "url": "/",
    
    "relUrl": "/"
  },"20": {
    "doc": "Introduction à GitHub et Git",
    "title": "Introduction Basique à GitHub, GitHub Desktop et VSCode",
    "content": "Ce document fournit une introduction simple à l’utilisation de GitHub pour la gestion de version, ainsi qu’une présentation de GitHub Desktop et de l’intégration avec Visual Studio Code (VSCode). ",
    "url": "/premiers-pas/introduction_git_github.html#introduction-basique-%C3%A0-github-github-desktop-et-vscode",
    
    "relUrl": "/premiers-pas/introduction_git_github.html#introduction-basique-à-github-github-desktop-et-vscode"
  },"21": {
    "doc": "Introduction à GitHub et Git",
    "title": "GitHub : Gestion de Version Simplifiée",
    "content": "GitHub est une plateforme en ligne qui permet de stocker, partager et collaborer sur des projets de code. Il utilise Git, un système de contrôle de version, pour suivre les changements dans les fichiers au fil du temps. Pourquoi utiliser GitHub ? . | Collaboration : Facilite la collaboration sur des projets, permettant à plusieurs personnes de travailler ensemble. | Historique des modifications : Chaque modification est enregistrée, permettant de revenir à des versions antérieures si nécessaire. | Facilité d’accès : Accédez à vos projets de n’importe où et partagez-les facilement avec d’autres. | . ",
    "url": "/premiers-pas/introduction_git_github.html#github--gestion-de-version-simplifi%C3%A9e",
    
    "relUrl": "/premiers-pas/introduction_git_github.html#github--gestion-de-version-simplifiée"
  },"22": {
    "doc": "Introduction à GitHub et Git",
    "title": "GitHub Desktop : Gestion de Version sans Commandes",
    "content": "GitHub Desktop est une application qui simplifie l’utilisation de Git et GitHub sans avoir besoin d’utiliser la ligne de commande. Fonctionnalités Clés . | Interface utilisateur intuitive : Facile à utiliser pour les débutants. | Gestion de repositories : Cloner, créer et publier des repositories directement depuis l’application. | Commit et Push : Facilite la réalisation de commits et l’envoi de vos modifications sur GitHub. | . ",
    "url": "/premiers-pas/introduction_git_github.html#github-desktop--gestion-de-version-sans-commandes",
    
    "relUrl": "/premiers-pas/introduction_git_github.html#github-desktop--gestion-de-version-sans-commandes"
  },"23": {
    "doc": "Introduction à GitHub et Git",
    "title": "Visual Studio Code (VSCode) : Éditeur de Code et Intégration Git",
    "content": "VSCode est un éditeur de code source qui intègre des fonctionnalités Git, facilitant la modification de fichiers et la gestion de version. Avantages de l’Utilisation de VSCode . | Éditeur de Code Puissant : Supporte de nombreux langages de programmation et possède de nombreuses extensions. | Intégration Git : Permet de réaliser des opérations Git de base directement depuis l’éditeur. | Prévisualisation de Markdown : Utile pour éditer des fichiers README et d’autres documents en Markdown. | . ",
    "url": "/premiers-pas/introduction_git_github.html#visual-studio-code-vscode--%C3%A9diteur-de-code-et-int%C3%A9gration-git",
    
    "relUrl": "/premiers-pas/introduction_git_github.html#visual-studio-code-vscode--éditeur-de-code-et-intégration-git"
  },"24": {
    "doc": "Introduction à GitHub et Git",
    "title": "Conclusion",
    "content": "L’utilisation de GitHub avec GitHub Desktop et VSCode offre une expérience complète pour la gestion de projets de code. Cette combinaison est particulièrement utile pour ceux qui préfèrent une approche visuelle et intuitive de la gestion de version. ",
    "url": "/premiers-pas/introduction_git_github.html#conclusion",
    
    "relUrl": "/premiers-pas/introduction_git_github.html#conclusion"
  },"25": {
    "doc": "Introduction à GitHub et Git",
    "title": "Introduction à GitHub et Git",
    "content": " ",
    "url": "/premiers-pas/introduction_git_github.html",
    
    "relUrl": "/premiers-pas/introduction_git_github.html"
  },"26": {
    "doc": "Guide de Syntaxe Markdown",
    "title": "Guide de Syntaxe Markdown",
    "content": "Markdown est un langage de balisage léger conçu pour être converti en HTML. Il est souvent utilisé pour formater des fichiers README, pour écrire des messages dans des forums en ligne, et pour créer des documents texte riches en utilisant un éditeur de texte brut. Son objectif principal est la lisibilité et la facilité d’utilisation. ",
    "url": "/premiers-pas/markdown_cheatsheet.html",
    
    "relUrl": "/premiers-pas/markdown_cheatsheet.html"
  },"27": {
    "doc": "Guide de Syntaxe Markdown",
    "title": "Qu’est-ce que Markdown ?",
    "content": "Markdown a été créé en 2004 par John Gruber avec l’aide d’Aaron Swartz, avec l’idée de permettre aux gens d’écrire en utilisant un format de texte brut facile à lire et à écrire, qui pourrait être converti en HTML de manière transparente. ",
    "url": "/premiers-pas/markdown_cheatsheet.html#quest-ce-que-markdown-",
    
    "relUrl": "/premiers-pas/markdown_cheatsheet.html#quest-ce-que-markdown-"
  },"28": {
    "doc": "Guide de Syntaxe Markdown",
    "title": "Pourquoi utiliser Markdown ?",
    "content": ". | Simplicité et facilité d’apprentissage : La syntaxe de Markdown est très simple à apprendre, ce qui en fait un bon choix pour ceux qui ne sont pas familiers avec les langages de balisage plus complexes comme HTML. | Portabilité : Les fichiers Markdown sont des fichiers texte brut, donc ils sont légers et compatibles avec de nombreuses plateformes et éditeurs de texte. | Flexibilité : Markdown est souvent utilisé pour la documentation de projets, les fichiers README, et les forums en ligne, mais il peut également être utilisé pour créer des livres, des présentations et d’autres types de documents. | Conversion en d’autres formats : Il est facile de convertir des fichiers Markdown en HTML, PDF, et d’autres formats. | . ",
    "url": "/premiers-pas/markdown_cheatsheet.html#pourquoi-utiliser-markdown-",
    
    "relUrl": "/premiers-pas/markdown_cheatsheet.html#pourquoi-utiliser-markdown-"
  },"29": {
    "doc": "Guide de Syntaxe Markdown",
    "title": "Comment utiliser ce guide ?",
    "content": "Ce guide fournit des exemples de la syntaxe de base de Markdown. Vous pouvez vous référer à ce guide pour comprendre comment formater vos textes en Markdown. ",
    "url": "/premiers-pas/markdown_cheatsheet.html#comment-utiliser-ce-guide-",
    
    "relUrl": "/premiers-pas/markdown_cheatsheet.html#comment-utiliser-ce-guide-"
  },"30": {
    "doc": "Guide de Syntaxe Markdown",
    "title": "Titres",
    "content": "Les titres sont créés en utilisant le symbole #. Le nombre de # détermine le niveau du titre. # Titre de niveau 1 ## Titre de niveau 2 ### Titre de niveau 3 #### Titre de niveau 4 ##### Titre de niveau 5 ###### Titre de niveau 6 . ",
    "url": "/premiers-pas/markdown_cheatsheet.html#titres",
    
    "relUrl": "/premiers-pas/markdown_cheatsheet.html#titres"
  },"31": {
    "doc": "Guide de Syntaxe Markdown",
    "title": "Texte en gras et en italique",
    "content": "Texte en italique s’écrit en entourant le texte de * ou de _. Texte en gras utilise deux * ou _ de chaque côté. Texte en gras et en italique combine les deux. *Texte en italique* _Texte en italique_ **Texte en gras** __Texte en gras__ ***Texte en gras et en italique*** . ",
    "url": "/premiers-pas/markdown_cheatsheet.html#texte-en-gras-et-en-italique",
    
    "relUrl": "/premiers-pas/markdown_cheatsheet.html#texte-en-gras-et-en-italique"
  },"32": {
    "doc": "Guide de Syntaxe Markdown",
    "title": "Listes",
    "content": "Listes non ordonnées . Utilisez *, +, ou - pour les éléments de la liste. * Élément 1 * Élément 2 * Sous-élément 2.1 * Sous-élément 2.2 . Listes ordonnées . Les nombres suivis d’un point créent une liste ordonnée. 1. Premier élément 2. Deuxième élément 1. Sous-élément 2.1 2. Sous-élément 2.2 . ",
    "url": "/premiers-pas/markdown_cheatsheet.html#listes",
    
    "relUrl": "/premiers-pas/markdown_cheatsheet.html#listes"
  },"33": {
    "doc": "Guide de Syntaxe Markdown",
    "title": "Liens",
    "content": "Pour créer un lien, mettez le texte du lien entre crochets [] et l’URL entre parenthèses (). [OpenAI](https://www.openai.com) . ",
    "url": "/premiers-pas/markdown_cheatsheet.html#liens",
    
    "relUrl": "/premiers-pas/markdown_cheatsheet.html#liens"
  },"34": {
    "doc": "Guide de Syntaxe Markdown",
    "title": "Images",
    "content": "Les images sont similaires aux liens, mais avec un point d’exclamation ! devant. ![Alt text](url_de_l'image.jpg) . ",
    "url": "/premiers-pas/markdown_cheatsheet.html#images",
    
    "relUrl": "/premiers-pas/markdown_cheatsheet.html#images"
  },"35": {
    "doc": "Guide de Syntaxe Markdown",
    "title": "Citations",
    "content": "Les citations sont créées en utilisant le symbole &gt;. &gt; Ceci est une citation. ",
    "url": "/premiers-pas/markdown_cheatsheet.html#citations",
    
    "relUrl": "/premiers-pas/markdown_cheatsheet.html#citations"
  },"36": {
    "doc": "Guide de Syntaxe Markdown",
    "title": "Code",
    "content": "Pour un bloc de code, utilisez trois backticks ` ou quatre espaces d’indentation. Pour du code inline, utilisez un seul backtick. Ceci est un bloc de code . `Ceci est du code inline` . Exemple : . // Code Arduino pour faire clignoter une LED void setup() { pinMode(13, OUTPUT); // Initialise la broche 13 en tant que sortie } void loop() { digitalWrite(13, HIGH); // Allume la LED delay(1000); // Attend une seconde digitalWrite(13, LOW); // Éteint la LED delay(1000); // Attend une seconde } . ",
    "url": "/premiers-pas/markdown_cheatsheet.html#code",
    
    "relUrl": "/premiers-pas/markdown_cheatsheet.html#code"
  },"37": {
    "doc": "Guide de Syntaxe Markdown",
    "title": "Lignes horizontales",
    "content": "Utilisez trois ou plus de *, -, ou _ pour créer une ligne horizontale. --- . ",
    "url": "/premiers-pas/markdown_cheatsheet.html#lignes-horizontales",
    
    "relUrl": "/premiers-pas/markdown_cheatsheet.html#lignes-horizontales"
  },"38": {
    "doc": "Guide de Syntaxe Markdown",
    "title": "Tableaux",
    "content": "Créez des tableaux en séparant les textes par des barres verticales | et des tirets -. | En-tête 1 | En-tête 2 | --------- | --------- | Cellule 1 | Cellule 2 | Cellule 3 | Cellule 4 | . ",
    "url": "/premiers-pas/markdown_cheatsheet.html#tableaux",
    
    "relUrl": "/premiers-pas/markdown_cheatsheet.html#tableaux"
  },"39": {
    "doc": "Guide de Syntaxe Markdown",
    "title": "Aller plus loin",
    "content": "Si vous souhaitez aller plus loin, vous pouvez vous rendre sur la page de documentation du template du site “Just the Docs”. ",
    "url": "/premiers-pas/markdown_cheatsheet.html#aller-plus-loin",
    
    "relUrl": "/premiers-pas/markdown_cheatsheet.html#aller-plus-loin"
  },"40": {
    "doc": "Modifier facilement Votre Site Jekyll sur GitHub",
    "title": "Modifier Votre Site Jekyll sur GitHub",
    "content": "Ce guide explique comment modifier votre site Jekyll, utilisant le thème “Just the Docs”, directement depuis l’interface de GitHub. ",
    "url": "/premiers-pas/modifier_mon_site.html#modifier-votre-site-jekyll-sur-github",
    
    "relUrl": "/premiers-pas/modifier_mon_site.html#modifier-votre-site-jekyll-sur-github"
  },"41": {
    "doc": "Modifier facilement Votre Site Jekyll sur GitHub",
    "title": "Étape 1 : Accéder au Repository",
    "content": ". | Connectez-vous à votre compte GitHub. | Naviguez jusqu’au repository de votre site Jekyll. | . ",
    "url": "/premiers-pas/modifier_mon_site.html#%C3%A9tape-1--acc%C3%A9der-au-repository",
    
    "relUrl": "/premiers-pas/modifier_mon_site.html#étape-1--accéder-au-repository"
  },"42": {
    "doc": "Modifier facilement Votre Site Jekyll sur GitHub",
    "title": "Étape 2 : Trouver le Fichier à Modifier",
    "content": ". | Dans le repository, trouvez le dossier qui contient les fichiers de votre site (Dossier /docs). | Cliquez sur le fichier que vous souhaitez modifier. Les fichiers de contenu sont généralement écrits en Markdown (.md). | . ",
    "url": "/premiers-pas/modifier_mon_site.html#%C3%A9tape-2--trouver-le-fichier-%C3%A0-modifier",
    
    "relUrl": "/premiers-pas/modifier_mon_site.html#étape-2--trouver-le-fichier-à-modifier"
  },"43": {
    "doc": "Modifier facilement Votre Site Jekyll sur GitHub",
    "title": "Étape 3 : Modifier le Fichier",
    "content": ". | Une fois que vous avez ouvert le fichier, cliquez sur l’icône de crayon (🖉) en haut à droite du fichier pour commencer à éditer. | Effectuez vos modifications dans l’éditeur. Utilisez la syntaxe Markdown pour formater le texte. (Voir syntaxe Markdown). | . ",
    "url": "/premiers-pas/modifier_mon_site.html#%C3%A9tape-3--modifier-le-fichier",
    
    "relUrl": "/premiers-pas/modifier_mon_site.html#étape-3--modifier-le-fichier"
  },"44": {
    "doc": "Modifier facilement Votre Site Jekyll sur GitHub",
    "title": "Étape 4 : Prévisualiser Vos Changements",
    "content": ". | Descendez en bas de la page de l’éditeur. | Cliquez sur l’onglet Preview changes pour prévisualiser vos modifications. | . ",
    "url": "/premiers-pas/modifier_mon_site.html#%C3%A9tape-4--pr%C3%A9visualiser-vos-changements",
    
    "relUrl": "/premiers-pas/modifier_mon_site.html#étape-4--prévisualiser-vos-changements"
  },"45": {
    "doc": "Modifier facilement Votre Site Jekyll sur GitHub",
    "title": "Étape 5 : Enregistrer les Modifications",
    "content": ". | Après avoir vérifié et validé vos modifications, descendez en bas de la page. | Entrez un titre de commit décrivant les modifications que vous avez effectuées. | Optionnel : ajoutez une description plus détaillée. | Choisissez de commiter directement dans la branche actuelle ou de créer une nouvelle branche pour une demande de pull (pull request). | Cliquez sur Commit changes. | . ",
    "url": "/premiers-pas/modifier_mon_site.html#%C3%A9tape-5--enregistrer-les-modifications",
    
    "relUrl": "/premiers-pas/modifier_mon_site.html#étape-5--enregistrer-les-modifications"
  },"46": {
    "doc": "Modifier facilement Votre Site Jekyll sur GitHub",
    "title": "Étape 6 : Mettre à Jour le Site",
    "content": "Une fois que vous avez commis vos changements, Jekyll va automatiquement reconstruire le site avec les nouvelles modifications. Cela peut prendre quelques minutes. Une fois terminé, vos changements seront visibles sur le site. Ce guide est destiné à aider les utilisateurs débutants avec GitHub et Jekyll. Pour des modifications plus complexes, il est nécessaire d’utiliser un IDE ou d’autres outils de développement. ",
    "url": "/premiers-pas/modifier_mon_site.html#%C3%A9tape-6--mettre-%C3%A0-jour-le-site",
    
    "relUrl": "/premiers-pas/modifier_mon_site.html#étape-6--mettre-à-jour-le-site"
  },"47": {
    "doc": "Modifier facilement Votre Site Jekyll sur GitHub",
    "title": "Modifier facilement Votre Site Jekyll sur GitHub",
    "content": " ",
    "url": "/premiers-pas/modifier_mon_site.html",
    
    "relUrl": "/premiers-pas/modifier_mon_site.html"
  },"48": {
    "doc": "Modifier Votre Site Jekyll sur GitHub - Avancé",
    "title": "Modifier Votre Site Jekyll sur GitHub - Avancé",
    "content": "Il est interessant de pouvoir construire localement son site sur son ordinateur avant de l’envoyer sur Github. Cela évite les multiples commits, et cela accelère le développement. | Modifier Votre Site Jekyll sur GitHub - Avancé . | Sur Windows . | Étape 1 : Installer Visual Studio Code | Étape 2 : Installer Ruby | Étape 3 : Vérifier l’Installation de Ruby | Étape 4 : Cloner le Répertoire de Documentation | Étape 5 : Ouvrir le Dossier de Documentation | Étape 6 : Installation des Dépendances | Étape 7 : Construire et Servir le Site | . | Sur Linux (non testé) | Sur macOS (non testé) | . | . Ce guide vous montrera étape par étape comment configurer votre environnement Windows pour construire un site de documentation avec Jekyll en utilisant Visual Studio Code (VSCode). Une fois cela effectué, vous pourrez voir votre site localement dans votre navigateur en utilisant l’URL suivante : http://127.0.0.1:4000. A noter que si vous le souhaitez, vous pouvez également utiliser l’envirronement WSL pour construire localement votre site. Mais cette méthode, bien que similaire, demande un peu plus de connaissances et n’est pas décrite ici. ",
    "url": "/premiers-pas/modifier_mon_site_avance.html",
    
    "relUrl": "/premiers-pas/modifier_mon_site_avance.html"
  },"49": {
    "doc": "Modifier Votre Site Jekyll sur GitHub - Avancé",
    "title": "Sur Windows",
    "content": "Étape 1 : Installer Visual Studio Code . | Téléchargez et installez Visual Studio Code depuis le site officiel. | Suivez les instructions d’installation et lancez VSCode une fois l’installation terminée. | . Étape 2 : Installer Ruby . | Téléchargez et installez Ruby via RubyInstaller. Choisissez une version adaptée à votre système (x86 ou x64). | Pendant l’installation, assurez-vous de cocher l’option pour ajouter Ruby aux variables d’environnement de Windows. | Après l’installation, redémarrez votre ordinateur pour que les changements prennent effet. | . Étape 3 : Vérifier l’Installation de Ruby . | Ouvrez VSCode. | Ouvrez un nouveau terminal dans VSCode (Terminal -&gt; Nouveau Terminal). | Tapez ruby -v pour vérifier que Ruby est correctement installé. Vous devriez voir la version de Ruby s’afficher. | . Étape 4 : Cloner le Répertoire de Documentation . | Dans VSCode, allez dans l’onglet “Source Control” (icône de branches en bas à gauche). | Cliquez sur “Clone Repository”. | Entrez l’URL de votre répertoire GitHub contenant la documentation Jekyll. | Choisissez un emplacement sur votre ordinateur pour cloner le répertoire et suivez les instructions. | . A noter . Cette partie peut être exécutée avec Github Desktop. Dans ce cas, une fois le repo cloné, vous ouvrirez le dossier dans VSCode. Étape 5 : Ouvrir le Dossier de Documentation . | Dans VSCode, ouvrez le dossier cloné (Fichier -&gt; Ouvrir Dossier). | Naviguez jusqu’au dossier docs/. | Faites un clic droit sur le dossier docs/ et sélectionnez “Ouvrir dans le Terminal”. | . Étape 6 : Installation des Dépendances . Dans le terminal ouvert : . | Exécutez gem install bundler pour installer Bundler. | Exécutez bundle install pour installer toutes les dépendances requises par Jekyll et votre projet. | . Étape 7 : Construire et Servir le Site . | Dans le terminal, exécutez bundle exec jekyll serve. | Ouvrez un navigateur web et allez à http://localhost:4000 pour voir votre site Jekyll en action. | . ",
    "url": "/premiers-pas/modifier_mon_site_avance.html#sur-windows",
    
    "relUrl": "/premiers-pas/modifier_mon_site_avance.html#sur-windows"
  },"50": {
    "doc": "Modifier Votre Site Jekyll sur GitHub - Avancé",
    "title": "Sur Linux (non testé)",
    "content": "Étape 1 : Installer Visual Studio Code . | Téléchargez et installez Visual Studio Code depuis le site officiel. | Vous pouvez également utiliser votre gestionnaire de paquets pour l’installer, par exemple sudo apt install code sur les distributions basées sur Debian/Ubuntu. | . Étape 2 : Installer Ruby . | Ouvrez un terminal. | Installez Ruby via votre gestionnaire de paquets, par exemple sudo apt install ruby-full sur les distributions basées sur Debian/Ubuntu. | Vérifiez l’installation avec ruby -v. | . Étape 3 : similaires à celles de Windows . Étape 4 : Installer Bundler et Jekyll . | Dans le terminal, exécutez gem install bundler. | Puis, dans le dossier de votre projet, exécutez bundle install. | . Étape 5 : similaires à celles de Windows . ",
    "url": "/premiers-pas/modifier_mon_site_avance.html#sur-linux-non-test%C3%A9",
    
    "relUrl": "/premiers-pas/modifier_mon_site_avance.html#sur-linux-non-testé"
  },"51": {
    "doc": "Modifier Votre Site Jekyll sur GitHub - Avancé",
    "title": "Sur macOS (non testé)",
    "content": "Installer Ruby . | macOS vient avec Ruby installé, mais vous pouvez installer une version plus récente via Homebrew en exécutant brew install ruby. | Ajoutez le chemin du Ruby de Homebrew à votre PATH en suivant les instructions affichées après l’installation. | . Étapes 1,3,4 et 5 : similaires à celles de Windows . ",
    "url": "/premiers-pas/modifier_mon_site_avance.html#sur-macos-non-test%C3%A9",
    
    "relUrl": "/premiers-pas/modifier_mon_site_avance.html#sur-macos-non-testé"
  },"52": {
    "doc": "Objectifs du projet",
    "title": "Introduction",
    "content": "Dans cette partie, nous allons plonger dans le contexte et les objectifs du projet Drawbot. Notre objectif est de créer un robot de dessin innovant et créatif,apportant aussi une touche de magie dans le monde de l’art automatisé. ",
    "url": "/objectifs.html#introduction",
    
    "relUrl": "/objectifs.html#introduction"
  },"53": {
    "doc": "Objectifs du projet",
    "title": "Contexte du Projet",
    "content": "L’histoire du projet Drawbot a débuté avec l’enthousiasme de créer une voiture RC. Cependant, notre proposition a été rejeteée, et nous avons été confrontés au défi inattendu de développer un drawbot à la place. Ce changement de direction aurait pu être perçu comme une contrainte, mais il s’est véré être une opportunité excitante pour explorer de nouveaux horizons créatifs. Alors que nous plongions dans le projet Drawbot, nous avons rapidement réalisé son potentiel innovant et artistique. En poussant les limites de notre imagination, nous avons découvert une nouvelle passion pour ce Drawbot et ses possibilités uniques. Ce changement de cap inattendu a ouvert la voie à des avenues créatives insoupçonnées, et nous sommes impatients de partager les fruits de notre exploration avec le monde entier. ",
    "url": "/objectifs.html#contexte-du-projet",
    
    "relUrl": "/objectifs.html#contexte-du-projet"
  },"54": {
    "doc": "Objectifs du projet",
    "title": "Objectifs du Projet",
    "content": "Dans le cadre du projet Drawbot, nous nous sommes fixés plusieurs objectifs afin de réaliser notre vision créative: . | Construire un drawbot capable de tracer des dessins de manière précise sur une surface spécifique. | Développer une interface utilisateur conviviale pour contrôler facilement le drawbot et importer des dessins à reproduire. | Optimiser les algorithmes de traçage afin d’assurer un mouvement fluide et précis du stylo, garantissant ainsi la création des dessins de haute qualité. | Explorer différentes techniques artistique en expérimentant avec divers matériaux de dessin et configurations de stylo. | Documenter chaque étape du processus de conception, de construction et d’utilisation du drawbot afin de le rendre accessible à d’autres passionés de robotique et d’art. | . ",
    "url": "/objectifs.html#objectifs-du-projet",
    
    "relUrl": "/objectifs.html#objectifs-du-projet"
  },"55": {
    "doc": "Objectifs du projet",
    "title": "Objectifs du projet",
    "content": " ",
    "url": "/objectifs.html",
    
    "relUrl": "/objectifs.html"
  },"56": {
    "doc": "Premiers pas sur le template",
    "title": "Introduction aux Sites Jekyll",
    "content": "Ce document vise à expliquer ce qu’est un site Jekyll et comment il est utilisé dans ce repository pour la documentation et la gestion de votre projet. ",
    "url": "/premiers-pas/premiers-pas.html#introduction-aux-sites-jekyll",
    
    "relUrl": "/premiers-pas/premiers-pas.html#introduction-aux-sites-jekyll"
  },"57": {
    "doc": "Premiers pas sur le template",
    "title": "Qu’est-ce que Jekyll ?",
    "content": "Jekyll est un générateur de sites statiques simple, blog-aware, utilisé pour créer un site web ou un blog à partir de texte brut. Il est particulièrement bien adapté pour créer des sites de documentation de projets. Caractéristiques Principales . | Simplicité : Pas de bases de données, pas de serveurs complexes. Jekyll fonctionne avec des fichiers texte. | Blog-Aware : Prise en charge intégrée pour les blogs, y compris les posts, les pages, les tags, etc. | Personnalisable : Thèmes modulables et système de plugins pour étendre les fonctionnalités. | Markdown : Utilise la syntaxe Markdown pour le contenu, ce qui facilite la rédaction et la mise en page. | . ",
    "url": "/premiers-pas/premiers-pas.html#quest-ce-que-jekyll-",
    
    "relUrl": "/premiers-pas/premiers-pas.html#quest-ce-que-jekyll-"
  },"58": {
    "doc": "Premiers pas sur le template",
    "title": "Utilisation de Jekyll dans ce Repository",
    "content": "Dans ce repository, Jekyll est utilisé pour créer et gérer la documentation de votre projet. Documentation et Projet . | Documentation : Toute la documentation de votre projet, y compris les guides, tutoriels et références, sera hébergée sur le site Jekyll. | Sources du Projet : En plus de la documentation, les sources de votre projet seront disponibles ici, permettant aux autres de découvrir, de reproduire ou de s’inspirer de votre travail. | . Premiers Pas avec Jekyll . Dans la section docs de ce repository, vous trouverez des informations et des guides sur la façon de modifier et de créer de nouveaux contenus pour votre documentation Jekyll. Que vous soyez un contributeur expérimenté ou un débutant, ces ressources vous aideront à prendre en main la gestion de votre site Jekyll. ",
    "url": "/premiers-pas/premiers-pas.html#utilisation-de-jekyll-dans-ce-repository",
    
    "relUrl": "/premiers-pas/premiers-pas.html#utilisation-de-jekyll-dans-ce-repository"
  },"59": {
    "doc": "Premiers pas sur le template",
    "title": "Premiers pas sur le template",
    "content": " ",
    "url": "/premiers-pas/premiers-pas.html",
    
    "relUrl": "/premiers-pas/premiers-pas.html"
  }
}
